{
  "regression": {
    "target": "patient_star_avg",
    "n_train": 2540,
    "n_test": 636,
    "r2": 0.439,
    "mae_stars": 0.471
  },
  "classification": {
    "target": "is_underperformer",
    "n_train": 4345,
    "n_test": 1087,
    "roc_auc": 0.899,
    "report": {
      "0": {
        "precision": 0.8654545454545455,
        "recall": 0.7880794701986755,
        "f1-score": 0.8249566724436742,
        "support": 604.0
      },
      "1": {
        "precision": 0.7616387337057728,
        "recall": 0.8467908902691511,
        "f1-score": 0.8019607843137255,
        "support": 483.0
      },
      "accuracy": 0.8141674333026679,
      "macro avg": {
        "precision": 0.8135466395801592,
        "recall": 0.8174351802339133,
        "f1-score": 0.8134587283786998,
        "support": 1087.0
      },
      "weighted avg": {
        "precision": 0.8193247965358176,
        "recall": 0.8141674333026679,
        "f1-score": 0.8147386283160153,
        "support": 1087.0
      }
    }
  }
}